{"cameraMode":{"drawMode":0,"name":"Shaded","section":"Shading Mode"},"sceneLighting":true,"audioPlay":false,"sceneViewState":{"m_AlwaysRefresh":false,"showFog":true,"showSkybox":false,"showFlares":true,"showImageEffects":true,"showParticleSystems":true,"showVisualEffectGraphs":true,"m_FxEnabled":true},"in2DMode":false,"pivot":{"x":-5.6336236000061039,"y":-0.8908830881118774,"z":-3.667142152786255},"rotation":{"x":0.06895846873521805,"y":0.9342502355575562,"z":-0.2309657484292984,"w":0.26449263095855715},"size":1.8742196559906006,"orthographic":false}